template,index,variants,outcome,detail,open_loop_measurable,seconds,pred_gain_db,pred_gbw_hz,pred_phase_margin_deg,pred_slew_rate_vps,pred_power_w,pred_output_swing_max_v,pred_output_swing_min_v,pred_cmrr_db,pred_psrr_db,meas_gain_db,meas_gbw_hz,meas_phase_margin_deg,meas_slew_rate_vps,meas_power_w,meas_output_swing_max_v,meas_output_swing_min_v,meas_cmrr_db,meas_psrr_db
three_stage_opamp_nmc_single_ended,7,input_pair=differential_pair_pmos;load=resistor_load_gnd;tail_current=current_mirror_tail_pmos;second_stage=noninverting_stage_nmos;third_stage=common_source_nmos;comp1=indirect_compensation;comp2=miller_cap;bias_gen=constructed_bias,simulated,,True,60.2,90.76896310288957,3819718.634205489,76.2051240730339,16000000.000000002,0.0014520000000000002,3.0258550115143343,0.26788919807209866,40.62877749410497,47.83689043863415,93.2009160449023,3666778.420257335,93.01898252738988,6697388.3000826035,0.000522721188,3.29192338,0.174841523,38.25401102212966,31.501654691296864
three_stage_opamp_nmc_single_ended,9,input_pair=differential_pair_pmos;load=resistor_load_gnd;tail_current=current_mirror_tail_pmos;second_stage=noninverting_stage_nmos;third_stage=common_source_nmos;comp1=indirect_compensation;comp2=indirect_compensation;bias_gen=constructed_bias,simulated,,True,49.6,90.76896310288957,3819718.634205489,76.2051240730339,16000000.000000002,0.0014520000000000002,3.0258550115143343,0.26788919807209866,40.62877749410497,47.83689043863415,93.2009160449023,3599144.3386795204,93.32622736238189,6627416.241624163,0.000522721188,3.29192338,0.174841523,38.25401102212966,31.501654691296864
three_stage_opamp_nmc_single_ended,31,input_pair=differential_pair_pmos;load=resistor_load_gnd;tail_current=cascode_current_mirror_tail_pmos;second_stage=noninverting_stage_nmos;third_stage=common_source_pmos;comp1=miller_cap_with_nulling_resistor;comp2=miller_cap;bias_gen=constructed_bias,simulated,,True,155.7,90.75531129028909,3819718.634205489,76.11377869534996,16000000.000000002,0.0015840000000000001,3.0258550115143343,0.26788919807209866,97.74783729351532,47.83689043863415,88.89046811817732,3547342.2361877724,93.35561610411807,,0.0009325886921999998,3.2634176,0.19981776,60.42846643903703,39.552042845763644
three_stage_opamp_nmc_single_ended,37,input_pair=differential_pair_pmos;load=resistor_load_gnd;tail_current=resistor_tail_vdd;second_stage=noninverting_stage_nmos;third_stage=common_source_nmos;comp1=miller_cap;comp2=miller_cap;bias_gen=constructed_bias,simulated,,True,190.7,90.76896310288957,3819718.634205489,76.2051240730339,16000000.000000002,0.0013200000000000002,3.0258550115143343,0.26788919807209866,-1.4008895183160002,47.83689043863415,94.96711045082023,4497848.889450773,81.9215305243128,,0.00043675107959999997,3.29215929,0.274709681,6.944577534013504,6.835205092547369
three_stage_opamp_nmc_single_ended,54,input_pair=differential_pair_pmos;load=resistor_load_gnd;tail_current=resistor_tail_vdd;second_stage=noninverting_stage_nmos;third_stage=common_source_pmos;comp1=indirect_compensation;comp2=indirect_compensation;bias_gen=constructed_bias,simulated,,True,152.8,90.75531129028909,3819718.634205489,76.11377869534996,16000000.000000002,0.0013200000000000002,3.0258550115143343,0.26788919807209866,-1.4008895183160002,47.83689043863415,90.72959156461545,4407499.694159625,93.91194653757329,,0.0007874097527999999,3.25682784,0.29317804,6.817975855591698,6.763142625575625
three_stage_opamp_nmc_single_ended,66,input_pair=differential_pair_pmos;load=active_load_nmos;tail_current=current_mirror_tail_pmos;second_stage=noninverting_stage_nmos;third_stage=common_source_pmos;comp1=miller_cap;comp2=indirect_compensation;bias_gen=constructed_bias,simulated,,True,86.8,121.84053132780448,7639437.268410978,62.65627481182637,16000000.000000002,0.0014520000000000002,3.0258550115143343,0.26788919807209866,40.62877749410497,47.83689043863415,119.25747441537966,7563686.661139001,77.34743633073774,15444960.02446077,0.0009276039167999999,3.27080207,0.00410858395,72.21986964557775,90.8086273779309
three_stage_opamp_nmc_single_ended,82,input_pair=differential_pair_pmos;load=active_load_nmos;tail_current=cascode_current_mirror_tail_pmos;second_stage=noninverting_stage_nmos;third_stage=common_source_pmos;comp1=miller_cap;comp2=miller_cap;bias_gen=constructed_bias,simulated,,True,250.4,121.84053132780448,7639437.268410978,62.65627481182637,16000000.000000002,0.0015840000000000001,3.0258550115143343,0.26788919807209866,97.74783729351532,47.83689043863415,119.30272766147883,8180611.482058934,75.8438606000747,,0.0009927465966,3.27083254,0.00413758091,71.2510689489171,118.70212653401498
three_stage_opamp_nmc_single_ended,84,input_pair=differential_pair_pmos;load=active_load_nmos;tail_current=cascode_current_mirror_tail_pmos;second_stage=noninverting_stage_nmos;third_stage=common_source_pmos;comp1=miller_cap;comp2=indirect_compensation;bias_gen=constructed_bias,simulated,,True,221.9,121.84053132780448,7639437.268410978,62.65627481182637,16000000.000000002,0.0015840000000000001,3.0258550115143343,0.26788919807209866,97.74783729351532,47.83689043863415,119.30272766147883,7504272.802790355,77.44790002590372,,0.0009927465966,3.27083254,0.00413758091,71.2510689489171,118.70212637190332
three_stage_opamp_nmc_single_ended,86,input_pair=differential_pair_pmos;load=active_load_nmos;tail_current=cascode_current_mirror_tail_pmos;second_stage=noninverting_stage_nmos;third_stage=common_source_pmos;comp1=miller_cap_with_nulling_resistor;comp2=miller_cap_with_nulling_resistor;bias_gen=constructed_bias,simulated,,True,243.5,121.84053132780448,7639437.268410978,62.65627481182637,16000000.000000002,0.0015840000000000001,3.0258550115143343,0.26788919807209866,97.74783729351532,47.83689043863415,119.30272766147883,7993076.7437510425,96.7447754278328,,0.0009927465966,3.27083254,0.00413758091,71.2510689489171,118.70212620979166
three_stage_opamp_nmc_single_ended,96,input_pair=differential_pair_pmos;load=active_load_nmos;tail_current=resistor_tail_vdd;second_stage=noninverting_stage_nmos;third_stage=common_source_nmos;comp1=miller_cap_with_nulling_resistor;comp2=indirect_compensation;bias_gen=constructed_bias,simulated,,True,178.1,121.81071104409624,7639437.268410978,62.6572547981991,16000000.000000002,0.0013200000000000002,3.0258550115143343,0.26788919807209866,-1.4008895183160002,47.83689043863415,123.25398909231156,8247045.75959606,95.73764590783424,,0.0005024551257,3.2997087,0.00788012827,60.033442141175186,57.46517034265818
three_stage_opamp_nmc_single_ended,112,input_pair=differential_pair_pmos;load=folded_cascode_load_pmos_input_single_output;tail_current=current_mirror_tail_pmos;second_stage=noninverting_stage_nmos;third_stage=common_source_nmos;comp1=miller_cap_with_nulling_resistor;comp2=miller_cap;bias_gen=constructed_bias,simulated,,False,218.9,170.31182789256638,7639437.268410978,62.6572547981991,16000000.000000002,0.001716,3.0258550115143343,0.26788919807209866,40.62877749410497,47.83689043863415,165.64944646643312,10406699.906332,95.1883887057211,,0.0011825513304,3.2997087,0.0164801657,124.32600402246234,79.60126919396608
three_stage_opamp_nmc_single_ended,121,input_pair=differential_pair_pmos;load=folded_cascode_load_pmos_input_single_output;tail_current=current_mirror_tail_pmos;second_stage=noninverting_stage_nmos;third_stage=common_source_pmos;comp1=miller_cap_with_nulling_resistor;comp2=miller_cap;bias_gen=constructed_bias,simulated,,False,276.9,170.34164817627467,7639437.268410978,62.65627481182637,16000000.000000002,0.001716,3.0258550115143343,0.26788919807209866,40.62877749410497,47.83689043863415,161.78958233370815,9060215.25402894,95.22380718027974,,0.0010116272727,,,123.89000918968556,79.65353918504528
three_stage_opamp_nmc_single_ended,135,input_pair=differential_pair_pmos;load=folded_cascode_load_pmos_input_single_output;tail_current=cascode_current_mirror_tail_pmos;second_stage=noninverting_stage_nmos;third_stage=common_source_nmos;comp1=indirect_compensation;comp2=indirect_compensation;bias_gen=constructed_bias,simulated,,False,222.6,170.31182789256638,7639437.268410978,62.6572547981991,16000000.000000002,0.001848,3.0258550115143343,0.26788919807209866,97.74783729351532,47.83689043863415,165.43559790280838,8259486.725261841,95.03368325919791,,0.0012465462801,3.2997087,0.0164805637,131.55385284342165,79.40063204511836
three_stage_opamp_nmc_single_ended,138,input_pair=differential_pair_pmos;load=folded_cascode_load_pmos_input_single_output;tail_current=cascode_current_mirror_tail_pmos;second_stage=noninverting_stage_nmos;third_stage=common_source_pmos;comp1=miller_cap;comp2=indirect_compensation;bias_gen=constructed_bias,simulated,,False,258.3,170.34164817627467,7639437.268410978,62.65627481182637,16000000.000000002,0.001848,3.0258550115143343,0.26788919807209866,97.74783729351532,47.83689043863415,161.57627488360885,7437065.60970242,76.5145704703509,,0.0010756220838,3.26698091,0.000153722593,132.79174926534068,79.4582670606568
three_stage_opamp_nmc_single_ended,139,input_pair=differential_pair_pmos;load=folded_cascode_load_pmos_input_single_output;tail_current=cascode_current_mirror_tail_pmos;second_stage=noninverting_stage_nmos;third_stage=common_source_pmos;comp1=miller_cap_with_nulling_resistor;comp2=miller_cap;bias_gen=constructed_bias,simulated,,False,296.2,170.34164817627467,7639437.268410978,62.65627481182637,16000000.000000002,0.001848,3.0258550115143343,0.26788919807209866,97.74783729351532,47.83689043863415,161.57627488360885,8947044.65234337,95.22824648158578,,0.0010756220838,,,132.79174923374694,79.4582670606568
three_stage_opamp_nmc_single_ended,144,input_pair=differential_pair_pmos;load=folded_cascode_load_pmos_input_single_output;tail_current=cascode_current_mirror_tail_pmos;second_stage=noninverting_stage_nmos;third_stage=common_source_pmos;comp1=indirect_compensation;comp2=indirect_compensation;bias_gen=constructed_bias,simulated,,False,309.5,170.34164817627467,7639437.268410978,62.65627481182637,16000000.000000002,0.001848,3.0258550115143343,0.26788919807209866,97.74783729351532,47.83689043863415,161.57627488360885,7915718.6724492395,95.5842867722782,,0.0010756220838,,,132.79174923374694,79.4582670606568
three_stage_opamp_nmc_single_ended,170,input_pair=differential_pair_pmos;load=telescopic_cascode_load_pmos;tail_current=current_mirror_tail_pmos;second_stage=noninverting_stage_nmos;third_stage=common_source_nmos;comp1=indirect_compensation;comp2=miller_cap_with_nulling_resistor;bias_gen=constructed_bias,simulated,,False,233.1,169.69324955078946,7639437.268410978,62.6572547981991,16000000.000000002,0.0015840000000000001,3.0258550115143343,0.26788919807209866,40.62877749410497,47.83689043863415,150.40225136276396,7880404.805877365,93.23567434654987,,0.0020874768518999998,3.29970869,0.0162598322,68.68435163727153,69.70289573093191
three_stage_opamp_nmc_single_ended,183,input_pair=differential_pair_pmos;load=telescopic_cascode_load_pmos;tail_current=cascode_current_mirror_tail_pmos;second_stage=noninverting_stage_nmos;third_stage=common_source_nmos;comp1=miller_cap;comp2=indirect_compensation;bias_gen=constructed_bias,simulated,,False,287.7,169.69324955078946,7639437.268410978,62.6572547981991,16000000.000000002,0.001716,3.0258550115143343,0.26788919807209866,97.74783729351532,47.83689043863415,150.84726646111025,7326046.110378912,74.72502213424485,,0.00214956027,3.29970869,0.016265146,69.03925583379338,70.07098763652921
three_stage_opamp_nmc_single_ended,187,input_pair=differential_pair_pmos;load=telescopic_cascode_load_pmos;tail_current=cascode_current_mirror_tail_pmos;second_stage=noninverting_stage_nmos;third_stage=common_source_nmos;comp1=indirect_compensation;comp2=miller_cap;bias_gen=constructed_bias,simulated,,False,266.7,169.69324955078946,7639437.268410978,62.6572547981991,16000000.000000002,0.001716,3.0258550115143343,0.26788919807209866,97.74783729351532,47.83689043863415,150.84726646111025,9157322.124568634,93.6190779557417,,0.00214956027,3.29970869,0.016265146,69.03925583379338,70.07098763652921
three_stage_opamp_nmc_single_ended,200,input_pair=differential_pair_pmos;load=telescopic_cascode_load_pmos;tail_current=resistor_tail_vdd;second_stage=noninverting_stage_nmos;third_stage=common_source_nmos;comp1=miller_cap;comp2=miller_cap_with_nulling_resistor;bias_gen=constructed_bias,simulated,,False,243.1,169.69324955078946,7639437.268410978,62.6572547981991,16000000.000000002,0.0014520000000000002,3.0258550115143343,0.26788919807209866,-1.4008895183160002,47.83689043863415,151.79370883420626,7204388.868547843,75.17050255530944,,0.0020004744308999996,3.2997087,0.0162760429,65.33881109106744,66.02817007886354
three_stage_opamp_nmc_single_ended,230,input_pair=differential_pair_pmos;load=telescopic_cascode_load_wideswing_pmos;tail_current=current_mirror_tail_pmos;second_stage=noninverting_stage_nmos;third_stage=common_source_pmos;comp1=miller_cap_with_nulling_resistor;comp2=miller_cap_with_nulling_resistor;bias_gen=constructed_bias,simulated,,False,268.5,175.6427825909296,7639437.268410978,62.65627481182637,16000000.000000002,0.001716,3.0258550115143343,0.26788919807209866,40.62877749410497,47.83689043863415,157.91298914524936,7587084.143624592,94.97622298687743,,0.0010657328847,3.26704367,0.000153722361,87.51850470963618,88.18123074218242
three_stage_opamp_nmc_single_ended,238,input_pair=differential_pair_pmos;load=telescopic_cascode_load_wideswing_pmos;tail_current=cascode_current_mirror_tail_pmos;second_stage=noninverting_stage_nmos;third_stage=common_source_nmos;comp1=miller_cap_with_nulling_resistor;comp2=miller_cap;bias_gen=constructed_bias,simulated,,False,251.4,175.61296230722138,7639437.268410978,62.6572547981991,16000000.000000002,0.001848,3.0258550115143343,0.26788919807209866,97.74783729351532,47.83689043863415,162.07193840975933,9172637.502365353,94.89394626548501,,0.0007801102782,3.2997087,0.0165422972,88.75064696979454,89.7628229101033
three_stage_opamp_nmc_single_ended,247,input_pair=differential_pair_pmos;load=telescopic_cascode_load_wideswing_pmos;tail_current=cascode_current_mirror_tail_pmos;second_stage=noninverting_stage_nmos;third_stage=common_source_pmos;comp1=miller_cap_with_nulling_resistor;comp2=miller_cap;bias_gen=constructed_bias,simulated,,False,392.3,175.6427825909296,7639437.268410978,62.65627481182637,16000000.000000002,0.001848,3.0258550115143343,0.26788919807209866,97.74783729351532,47.83689043863415,158.21283853586618,8360459.679922968,94.7097229922954,,0.0011307663906,,,87.79562041806598,88.46878929527105
three_stage_opamp_nmc_single_ended,256,input_pair=differential_pair_pmos;load=telescopic_cascode_load_wideswing_pmos;tail_current=resistor_tail_vdd;second_stage=noninverting_stage_nmos;third_stage=common_source_nmos;comp1=miller_cap_with_nulling_resistor;comp2=miller_cap;bias_gen=constructed_bias,simulated,,False,289.7,175.61296230722138,7639437.268410978,62.6572547981991,16000000.000000002,0.0015840000000000001,3.0258550115143343,0.26788919807209866,-1.4008895183160002,47.83689043863415,162.70608101625135,8888804.57095819,95.08583324538098,,0.0006375136812,3.2997087,0.0165405738,83.82410135371853,84.43992611181376
three_stage_opamp_nmc_single_ended,259,input_pair=differential_pair_pmos;load=telescopic_cascode_load_wideswing_pmos;tail_current=resistor_tail_vdd;second_stage=noninverting_stage_nmos;third_stage=common_source_nmos;comp1=indirect_compensation;comp2=miller_cap;bias_gen=constructed_bias,simulated,,False,291.3,175.61296230722138,7639437.268410978,62.6572547981991,16000000.000000002,0.0015840000000000001,3.0258550115143343,0.26788919807209866,-1.4008895183160002,47.83689043863415,162.706080888948,8888804.57095819,95.0858332240816,,0.0006375136812,3.2997087,0.0165405738,83.82410136479221,84.4399261224516
three_stage_opamp_nmc_single_ended,260,input_pair=differential_pair_pmos;load=telescopic_cascode_load_wideswing_pmos;tail_current=resistor_tail_vdd;second_stage=noninverting_stage_nmos;third_stage=common_source_nmos;comp1=indirect_compensation;comp2=miller_cap_with_nulling_resistor;bias_gen=constructed_bias,simulated,,False,208.8,175.61296230722138,7639437.268410978,62.6572547981991,16000000.000000002,0.0015840000000000001,3.0258550115143343,0.26788919807209866,-1.4008895183160002,47.83689043863415,162.70608101625135,7670304.60927642,94.58200689211603,,0.0006375136812,3.2997087,0.0165405738,83.82410120550311,84.43992594210562
three_stage_opamp_nmc_single_ended,272,input_pair=differential_pair_nmos;load=resistor_load_vdd;tail_current=current_mirror_tail_nmos;second_stage=noninverting_stage_pmos;third_stage=common_source_nmos;comp1=miller_cap;comp2=miller_cap_with_nulling_resistor;bias_gen=constructed_bias,simulated,,True,197.9,91.81612547287546,3825147.6893535745,76.09523972194232,16000000.000000002,0.0014520000000000002,3.0258550115143343,0.26788919807209866,35.80802730438233,52.67068715305019,91.14670627852392,3344743.6711099553,84.4864517229627,,0.0006720000078,3.0929226,0.0269560664,38.463884837825745,43.97439862168477
three_stage_opamp_nmc_single_ended,275,input_pair=differential_pair_nmos;load=resistor_load_vdd;tail_current=current_mirror_tail_nmos;second_stage=noninverting_stage_pmos;third_stage=common_source_nmos;comp1=miller_cap_with_nulling_resistor;comp2=miller_cap_with_nulling_resistor;bias_gen=constructed_bias,simulated,,True,219.4,91.81612547287546,3825147.6893535745,76.09523972194232,16000000.000000002,0.0014520000000000002,3.0258550115143343,0.26788919807209866,35.80802730438233,52.67068715305019,91.14670627852392,3387279.2002228047,93.01475827336736,,0.0006720000078,3.0929226,0.0269560664,38.463884837825745,43.97439862168477
three_stage_opamp_nmc_single_ended,306,input_pair=differential_pair_nmos;load=resistor_load_vdd;tail_current=cascode_current_mirror_tail_nmos;second_stage=noninverting_stage_pmos;third_stage=common_source_pmos;comp1=indirect_compensation;comp2=indirect_compensation;bias_gen=constructed_bias,simulated,,True,217.2,91.84594575658373,3825147.6893535745,76.09471962134259,16000000.000000002,0.0015840000000000001,3.0258550115143343,0.26788919807209866,88.10288269523821,52.67068715305019,92.41028436245465,3306494.0650887503,93.27461736240737,,0.000557932584,3.0891458,0.0214128721,56.27451426121186,40.41028467867236
three_stage_opamp_nmc_single_ended,308,input_pair=differential_pair_nmos;load=resistor_load_vdd;tail_current=resistor_tail_gnd;second_stage=noninverting_stage_pmos;third_stage=common_source_nmos;comp1=miller_cap;comp2=miller_cap_with_nulling_resistor;bias_gen=constructed_bias,simulated,,True,213.0,91.81612547287546,3825147.6893535745,76.09523972194232,16000000.000000002,0.000858,3.0258550115143343,0.26788919807209866,0.08224565471264783,52.67068715305019,92.96704151692845,4164193.4434826886,82.92280090528884,,0.00040683150749999995,3.03794923,0.0232592598,7.836607331972857,49.916003092479684
three_stage_opamp_nmc_single_ended,340,input_pair=differential_pair_nmos;load=active_load_pmos;tail_current=current_mirror_tail_nmos;second_stage=noninverting_stage_pmos;third_stage=common_source_pmos;comp1=indirect_compensation;comp2=miller_cap;bias_gen=constructed_bias,simulated,,True,181.1,123.23253448133785,7650295.378707149,62.61989828709684,16000000.000000002,0.0014520000000000002,3.0258550115143343,0.26788919807209866,35.80802730438233,52.67068715305019,122.31494952006061,8530251.00925614,96.18413943434277,,0.0005682352335,3.263109,0.000153722788,70.46663341486732,68.06753889071146
three_stage_opamp_nmc_single_ended,342,input_pair=differential_pair_nmos;load=active_load_pmos;tail_current=current_mirror_tail_nmos;second_stage=noninverting_stage_pmos;third_stage=common_source_pmos;comp1=indirect_compensation;comp2=indirect_compensation;bias_gen=constructed_bias,simulated,,True,168.7,123.23253448133785,7650295.378707149,62.61989828709684,16000000.000000002,0.0014520000000000002,3.0258550115143343,0.26788919807209866,35.80802730438233,52.67068715305019,122.31494952006061,7642475.769538803,96.30110794957818,,0.0005682352335,3.263109,0.000153722788,70.46663341486732,68.06753889071146
three_stage_opamp_nmc_single_ended,356,input_pair=differential_pair_nmos;load=active_load_pmos;tail_current=cascode_current_mirror_tail_nmos;second_stage=noninverting_stage_pmos;third_stage=common_source_pmos;comp1=miller_cap_with_nulling_resistor;comp2=miller_cap_with_nulling_resistor;bias_gen=constructed_bias,simulated,,True,0.7,123.23253448133785,7650295.378707149,62.61989828709684,16000000.000000002,0.0015840000000000001,3.0258550115143343,0.26788919807209866,88.10288269523821,52.67068715305019,122.37580223162077,7567796.412447829,96.25383056659183,16831009.10091018,0.0006304168199999999,3.26309188,0.000153722796,69.7802560642863,68.04869802405
three_stage_opamp_nmc_single_ended,358,input_pair=differential_pair_nmos;load=active_load_pmos;tail_current=cascode_current_mirror_tail_nmos;second_stage=noninverting_stage_pmos;third_stage=common_source_pmos;comp1=indirect_compensation;comp2=miller_cap;bias_gen=constructed_bias,simulated,,True,0.7,123.23253448133785,7650295.378707149,62.61989828709684,16000000.000000002,0.0015840000000000001,3.0258550115143343,0.26788919807209866,88.10288269523821,52.67068715305019,122.37580223162077,8421929.1058776,96.14855867513674,18293095.97626438,0.0006304168199999999,3.26309188,0.000153722796,69.7802560642863,68.04869802405
three_stage_opamp_nmc_single_ended,367,input_pair=differential_pair_nmos;load=active_load_pmos;tail_current=resistor_tail_gnd;second_stage=noninverting_stage_pmos;third_stage=common_source_nmos;comp1=indirect_compensation;comp2=miller_cap;bias_gen=constructed_bias,simulated,,True,0.8,123.2027141976296,7650295.378707149,62.62087945570365,16000000.000000002,0.000858,3.0258550115143343,0.26788919807209866,0.08224565471264783,52.67068715305019,121.08943317232291,9540653.278497735,95.79560931936227,16062118.211821143,0.00047188675709999996,3.29582583,0.0289798383,66.96173339808752,69.71660700781362
three_stage_opamp_nmc_single_ended,384,input_pair=differential_pair_nmos;load=folded_cascode_load_nmos_input_single_output;tail_current=current_mirror_tail_nmos;second_stage=noninverting_stage_pmos;third_stage=common_source_nmos;comp1=miller_cap_with_nulling_resistor;comp2=indirect_compensation;bias_gen=constructed_bias,simulated,,False,0.9,169.60327017668237,7650295.378707149,62.62087945570365,16000000.000000002,0.001716,3.0258550115143343,0.26788919807209866,35.80802730438233,52.67068715305019,161.23395348447505,7845198.567407045,93.33181014288901,10164424.109077582,0.0012170453823,3.2997087,0.0165652319,122.30360046281098,78.53327276994231
three_stage_opamp_nmc_single_ended,385,input_pair=differential_pair_nmos;load=folded_cascode_load_nmos_input_single_output;tail_current=current_mirror_tail_nmos;second_stage=noninverting_stage_pmos;third_stage=common_source_nmos;comp1=indirect_compensation;comp2=miller_cap;bias_gen=constructed_bias,simulated,,False,1.1,169.60327017668237,7650295.378707149,62.62087945570365,16000000.000000002,0.001716,3.0258550115143343,0.26788919807209866,35.80802730438233,52.67068715305019,161.23395348447505,9263399.579419676,93.55560640049569,10098029.469613653,0.0012170454516,3.2997087,0.0165652319,122.30360044314921,78.53327276994231
three_stage_opamp_nmc_single_ended,393,input_pair=differential_pair_nmos;load=folded_cascode_load_nmos_input_single_output;tail_current=current_mirror_tail_nmos;second_stage=noninverting_stage_pmos;third_stage=common_source_pmos;comp1=miller_cap_with_nulling_resistor;comp2=indirect_compensation;bias_gen=constructed_bias,simulated,,False,1.0,169.63309046039063,7650295.378707149,62.61989828709684,16000000.000000002,0.001716,3.0258550115143343,0.26788919807209866,35.80802730438233,52.67068715305019,162.39731383227013,7546199.48981171,94.71246539813845,19661833.51668511,0.0015676968218999998,3.26706563,0.000153723119,121.34227866274621,78.46988327218332
three_stage_opamp_nmc_single_ended,398,input_pair=differential_pair_nmos;load=folded_cascode_load_nmos_input_single_output;tail_current=cascode_current_mirror_tail_nmos;second_stage=noninverting_stage_pmos;third_stage=common_source_nmos;comp1=miller_cap;comp2=miller_cap_with_nulling_resistor;bias_gen=constructed_bias,simulated,,False,1.1,169.60327017668237,7650295.378707149,62.62087945570365,16000000.000000002,0.001848,3.0258550115143343,0.26788919807209866,88.10288269523821,52.67068715305019,160.987110959189,7273213.759597751,75.01006707228258,9929501.283461662,0.0012770022836999999,3.2997087,0.0165660406,136.49425369237662,78.27847719711832
three_stage_opamp_nmc_single_ended,407,input_pair=differential_pair_nmos;load=folded_cascode_load_nmos_input_single_output;tail_current=cascode_current_mirror_tail_nmos;second_stage=noninverting_stage_pmos;third_stage=common_source_pmos;comp1=miller_cap;comp2=miller_cap_with_nulling_resistor;bias_gen=constructed_bias,simulated,,False,1.1,169.63309046039063,7650295.378707149,62.61989828709684,16000000.000000002,0.001848,3.0258550115143343,0.26788919807209866,88.10288269523821,52.67068715305019,162.15032237211,7048955.729849835,76.59893543824086,15133151.275424462,0.0016276536473999999,3.26706645,0.000153723114,135.93608148971535,78.21557800968868
three_stage_opamp_nmc_single_ended,446,input_pair=differential_pair_nmos;load=telescopic_cascode_load_wideswing_nmos;tail_current=current_mirror_tail_nmos;second_stage=noninverting_stage_pmos;third_stage=common_source_pmos;comp1=miller_cap_with_nulling_resistor;comp2=miller_cap_with_nulling_resistor;bias_gen=constructed_bias,simulated,,False,1.0,177.56296391987948,7650295.378707149,62.61989828709684,16000000.000000002,0.001716,3.0258550115143343,0.26788919807209866,35.80802730438233,52.67068715305019,160.33647173556096,6837041.441221835,96.15521717544695,10779638.16468623,0.0007052172864,3.26695252,0.000153723178,75.46088517176725,101.33425492229046
three_stage_opamp_nmc_single_ended,460,input_pair=differential_pair_nmos;load=telescopic_cascode_load_wideswing_nmos;tail_current=cascode_current_mirror_tail_nmos;second_stage=noninverting_stage_pmos;third_stage=common_source_pmos;comp1=miller_cap;comp2=miller_cap;bias_gen=constructed_bias,simulated,,False,0.9,177.56296391987948,7650295.378707149,62.61989828709684,16000000.000000002,0.001848,3.0258550115143343,0.26788919807209866,88.10288269523821,52.67068715305019,160.5507246513164,6860830.736753807,78.3985322176628,15597420.152904347,0.0007673551841999999,3.26695301,0.000153723179,75.4895554197581,101.42350653593093
three_stage_opamp_nmc_single_ended,461,input_pair=differential_pair_nmos;load=telescopic_cascode_load_wideswing_nmos;tail_current=cascode_current_mirror_tail_nmos;second_stage=noninverting_stage_pmos;third_stage=common_source_pmos;comp1=miller_cap;comp2=miller_cap_with_nulling_resistor;bias_gen=constructed_bias,simulated,,False,1.0,177.56296391987948,7650295.378707149,62.61989828709684,16000000.000000002,0.001848,3.0258550115143343,0.26788919807209866,88.10288269523821,52.67068715305019,160.5507248144068,6458567.791307965,79.35117339146204,10100686.494863406,0.0007673551841999999,3.26695301,0.000153723179,75.48955543729944,101.42350657412243
three_stage_opamp_nmc_single_ended,462,input_pair=differential_pair_nmos;load=telescopic_cascode_load_wideswing_nmos;tail_current=cascode_current_mirror_tail_nmos;second_stage=noninverting_stage_pmos;third_stage=common_source_pmos;comp1=miller_cap;comp2=indirect_compensation;bias_gen=constructed_bias,simulated,,False,0.9,177.56296391987948,7650295.378707149,62.61989828709684,16000000.000000002,0.001848,3.0258550115143343,0.26788919807209866,88.10288269523821,52.67068715305019,160.5507246513164,6458567.791307965,79.35117338243572,10100686.494863406,0.0007673551841999999,3.26695301,0.000153723179,75.4895554197581,101.42350653593093
three_stage_opamp_nmc_single_ended,481,input_pair=differential_pair_nmos;load=telescopic_cascode_load_wideswing_nmos;tail_current=resistor_tail_gnd;second_stage=noninverting_stage_pmos;third_stage=common_source_pmos;comp1=miller_cap_with_nulling_resistor;comp2=miller_cap;bias_gen=constructed_bias,simulated,,False,0.8,177.56296391987948,7650295.378707149,62.61989828709684,16000000.000000002,0.0015840000000000001,3.0258550115143343,0.26788919807209866,0.08224565471264783,52.67068715305019,160.4987690825658,7349474.872878624,96.31658097561926,23752457.2457247,0.0006372504236999999,3.26695289,0.000153723179,74.84393165492261,101.25950297994514
three_stage_opamp_nmc_single_ended,487,input_pair=differential_pair_pmos_degenerated;load=resistor_load_gnd;tail_current=current_mirror_tail_pmos;second_stage=noninverting_stage_nmos;third_stage=common_source_nmos;comp1=miller_cap;comp2=miller_cap;bias_gen=constructed_bias,simulated,,True,0.7,87.30710943871429,2546479.089470326,80.77664631659287,16000000.000000002,0.0014520000000000002,3.0258550115143343,0.26788919807209866,37.106952312991346,47.83689043863415,89.85343973463867,2414594.945321875,86.10784639320585,6677172.550588393,0.0005210984229,3.28202999,0.264102951,32.29349699902511,27.095110544754284
three_stage_opamp_nmc_single_ended,489,input_pair=differential_pair_pmos_degenerated;load=resistor_load_gnd;tail_current=current_mirror_tail_pmos;second_stage=noninverting_stage_nmos;third_stage=common_source_nmos;comp1=miller_cap;comp2=indirect_compensation;bias_gen=constructed_bias,simulated,,True,0.8,87.30710943871429,2546479.089470326,80.77664631659287,16000000.000000002,0.0014520000000000002,3.0258550115143343,0.26788919807209866,37.106952312991346,47.83689043863415,89.85343973463867,2397441.065224933,86.38560203117532,6622290.062339566,0.0005210984229,3.28202999,0.264102951,32.29349699902511,27.095110544754284
three_stage_opamp_nmc_single_ended,499,input_pair=differential_pair_pmos_degenerated;load=resistor_load_gnd;tail_current=current_mirror_tail_pmos;second_stage=noninverting_stage_nmos;third_stage=common_source_pmos;comp1=miller_cap_with_nulling_resistor;comp2=miller_cap;bias_gen=constructed_bias,simulated,,True,1.0,87.29345762611382,2546479.089470326,80.71507283084713,16000000.000000002,0.0014520000000000002,3.0258550115143343,0.26788919807209866,37.106952312991346,47.83689043863415,85.63746969562288,2415828.033157763,92.36697458128468,12607706.951175455,0.0008717566704000001,3.26175803,0.282756475,32.11868815515875,28.040044981243085
three_stage_opamp_nmc_single_ended,505,input_pair=differential_pair_pmos_degenerated;load=resistor_load_gnd;tail_current=cascode_current_mirror_tail_pmos;second_stage=noninverting_stage_nmos;third_stage=common_source_nmos;comp1=miller_cap;comp2=miller_cap;bias_gen=constructed_bias,bias_infeasible_spice,SPICE bias check: in triode: mp3_tail_current — bias not established.,True,0.3,87.30710943871429,2546479.089470326,80.77664631659287,16000000.000000002,0.0015840000000000001,3.0258550115143343,0.26788919807209866,94.22601211240169,47.83689043863415,,,,,,,,,
three_stage_opamp_nmc_single_ended,507,input_pair=differential_pair_pmos_degenerated;load=resistor_load_gnd;tail_current=cascode_current_mirror_tail_pmos;second_stage=noninverting_stage_nmos;third_stage=common_source_nmos;comp1=miller_cap;comp2=indirect_compensation;bias_gen=constructed_bias,bias_infeasible_spice,SPICE bias check: in triode: mp3_tail_current — bias not established.,True,0.3,87.30710943871429,2546479.089470326,80.77664631659287,16000000.000000002,0.0015840000000000001,3.0258550115143343,0.26788919807209866,94.22601211240169,47.83689043863415,,,,,,,,,
three_stage_opamp_nmc_single_ended,524,input_pair=differential_pair_pmos_degenerated;load=resistor_load_gnd;tail_current=resistor_tail_vdd;second_stage=noninverting_stage_nmos;third_stage=common_source_nmos;comp1=miller_cap;comp2=miller_cap_with_nulling_resistor;bias_gen=constructed_bias,simulated,,True,0.7,87.30710943871429,2546479.089470326,80.77664631659287,16000000.000000002,0.0013200000000000002,3.0258550115143343,0.26788919807209866,-4.922714699429626,47.83689043863415,91.2958081048974,2880106.8366951966,85.15180840775257,760441.928250797,0.00040565397179999997,3.28169819,0.694785778,3.6089053266988884,3.507735076483968
three_stage_opamp_nmc_single_ended,547,input_pair=differential_pair_pmos_degenerated;load=active_load_nmos;tail_current=current_mirror_tail_pmos;second_stage=noninverting_stage_nmos;third_stage=common_source_nmos;comp1=indirect_compensation;comp2=miller_cap;bias_gen=constructed_bias,simulated,,True,0.9,119.43158513784567,5092958.178940652,71.56150861198928,16000000.000000002,0.0014520000000000002,3.0258550115143343,0.26788919807209866,37.106952312991346,47.83689043863415,120.61867146270043,5515110.497429531,94.9500885858367,9391680.83475016,0.0005764495968,3.28834485,0.0079364742,73.65489095593529,74.63099847850398
three_stage_opamp_nmc_single_ended,556,input_pair=differential_pair_pmos_degenerated;load=active_load_nmos;tail_current=current_mirror_tail_pmos;second_stage=noninverting_stage_nmos;third_stage=common_source_pmos;comp1=indirect_compensation;comp2=miller_cap;bias_gen=constructed_bias,simulated,,True,0.9,119.46140542155393,5092958.178940652,71.56082669664782,16000000.000000002,0.0014520000000000002,3.0258550115143343,0.26788919807209866,37.106952312991346,47.83689043863415,116.73652678691616,5386221.020775177,94.8540430092708,20831077.107710876,0.0009271059039,3.27210489,0.00552497635,72.37076385203196,91.42645188698708
three_stage_opamp_nmc_single_ended,570,input_pair=differential_pair_pmos_degenerated;load=active_load_nmos;tail_current=cascode_current_mirror_tail_pmos;second_stage=noninverting_stage_nmos;third_stage=common_source_pmos;comp1=miller_cap;comp2=indirect_compensation;bias_gen=constructed_bias,simulated,,True,0.9,119.46140542155393,5092958.178940652,71.56082669664782,16000000.000000002,0.0015840000000000001,3.0258550115143343,0.26788919807209866,94.22601211240169,47.83689043863415,116.78750540511558,5014077.833957311,81.63104434568346,12491709.472132988,0.0009927204705,3.27213091,0.00554877358,71.29471007062564,108.26985012027609
three_stage_opamp_nmc_single_ended,571,input_pair=differential_pair_pmos_degenerated;load=active_load_nmos;tail_current=cascode_current_mirror_tail_pmos;second_stage=noninverting_stage_nmos;third_stage=common_source_pmos;comp1=miller_cap_with_nulling_resistor;comp2=miller_cap;bias_gen=constructed_bias,simulated,,True,0.9,119.46140542155393,5092958.178940652,71.56082669664782,16000000.000000002,0.0015840000000000001,3.0258550115143343,0.26788919807209866,94.22601211240169,47.83689043863415,116.78750540511558,5359491.076138902,94.83484034390281,19018061.707688715,0.0009927204705,3.27213091,0.00554877358,71.29471007062564,108.26985018543316
three_stage_opamp_nmc_single_ended,590,input_pair=differential_pair_pmos_degenerated;load=active_load_nmos;tail_current=resistor_tail_vdd;second_stage=noninverting_stage_nmos;third_stage=common_source_pmos;comp1=miller_cap_with_nulling_resistor;comp2=miller_cap_with_nulling_resistor;bias_gen=constructed_bias,simulated,,True,0.7,119.46140542155393,5092958.178940652,71.56082669664782,16000000.000000002,0.0013200000000000002,3.0258550115143343,0.26788919807209866,-4.922714699429626,47.83689043863415,117.25413702302524,4941411.062412853,94.66823789054547,9492821.287994532,0.0008367702882,3.27234083,0.00573913781,64.15880172059822,61.140712114883
three_stage_opamp_nmc_single_ended,600,input_pair=differential_pair_pmos_degenerated;load=folded_cascode_load_pmos_input_single_output;tail_current=current_mirror_tail_pmos;second_stage=noninverting_stage_nmos;third_stage=common_source_nmos;comp1=miller_cap_with_nulling_resistor;comp2=indirect_compensation;bias_gen=constructed_bias,simulated,,False,0.9,167.50205847339987,5092958.178940652,71.56150861198928,16000000.000000002,0.001716,3.0258550115143343,0.26788919807209866,37.106952312991346,47.83689043863415,162.31271769087414,5216968.470494376,94.74089391404526,9551117.445077855,0.0011818482951,3.2997087,0.0164711432,120.65928466116802,76.26241188430106
three_stage_opamp_nmc_single_ended,602,input_pair=differential_pair_pmos_degenerated;load=folded_cascode_load_pmos_input_single_output;tail_current=current_mirror_tail_pmos;second_stage=noninverting_stage_nmos;third_stage=common_source_nmos;comp1=indirect_compensation;comp2=miller_cap_with_nulling_resistor;bias_gen=constructed_bias,simulated,,False,1.0,167.50205847339987,5092958.178940652,71.56150861198928,16000000.000000002,0.001716,3.0258550115143343,0.26788919807209866,37.106952312991346,47.83689043863415,162.31271742438068,5216968.470494376,94.74089386790764,9551117.445077855,0.0011818482951,3.2997087,0.0164711432,120.65928461034834,76.26241187775707
three_stage_opamp_nmc_single_ended,616,input_pair=differential_pair_pmos_degenerated;load=folded_cascode_load_pmos_input_single_output;tail_current=cascode_current_mirror_tail_pmos;second_stage=noninverting_stage_nmos;third_stage=common_source_nmos;comp1=miller_cap_with_nulling_resistor;comp2=miller_cap;bias_gen=constructed_bias,simulated,,False,1.0,167.50205847339987,5092958.178940652,71.56150861198928,16000000.000000002,0.001848,3.0258550115143343,0.26788919807209866,94.22601211240169,47.83689043863415,162.14797667604228,5418865.89320707,95.01937732720116,9432458.579191271,0.0012465110822999998,3.2997087,0.0164716705,129.84825828710316,76.11906575604291
three_stage_opamp_nmc_single_ended,638,input_pair=differential_pair_pmos_degenerated;load=folded_cascode_load_pmos_input_single_output;tail_current=resistor_tail_vdd;second_stage=noninverting_stage_nmos;third_stage=common_source_nmos;comp1=indirect_compensation;comp2=miller_cap_with_nulling_resistor;bias_gen=constructed_bias,simulated,,False,0.9,167.50205847339987,5092958.178940652,71.56150861198928,16000000.000000002,0.0015840000000000001,3.0258550115143343,0.26788919807209866,-4.922714699429626,47.83689043863415,160.75265319190666,4969949.379954769,94.83352122744661,9660076.007600768,0.0010849779039,3.2997087,0.0164768063,90.74759123715982,73.39080517524323
three_stage_opamp_nmc_single_ended,651,input_pair=differential_pair_pmos_degenerated;load=telescopic_cascode_load_pmos;tail_current=current_mirror_tail_pmos;second_stage=noninverting_stage_nmos;third_stage=common_source_nmos;comp1=miller_cap;comp2=indirect_compensation;bias_gen=constructed_bias,simulated,,False,0.9,166.54799662644263,5092958.178940652,71.56150861198928,16000000.000000002,0.0015840000000000001,3.0258550115143343,0.26788919807209866,37.106952312991346,47.83689043863415,147.2427877842789,4890305.81309631,80.19491023578341,8077426.853796494,0.002086381671,3.2996682,0.0161844045,68.41899309859927,69.31382376372817
three_stage_opamp_nmc_single_ended,659,input_pair=differential_pair_pmos_degenerated;load=telescopic_cascode_load_pmos;tail_current=current_mirror_tail_pmos;second_stage=noninverting_stage_nmos;third_stage=common_source_pmos;comp1=miller_cap;comp2=miller_cap_with_nulling_resistor;bias_gen=constructed_bias,simulated,,False,0.9,166.5778169101509,5092958.178940652,71.56082669664782,16000000.000000002,0.0015840000000000001,3.0258550115143343,0.26788919807209866,37.106952312991346,47.83689043863415,145.54076046855607,4817309.946825748,80.48460339633829,13771240.430955596,0.0019154572536,3.26668675,0.000153722695,68.60771151522373,69.71299526588456
three_stage_opamp_nmc_single_ended,662,input_pair=differential_pair_pmos_degenerated;load=telescopic_cascode_load_pmos;tail_current=current_mirror_tail_pmos;second_stage=noninverting_stage_nmos;third_stage=common_source_pmos;comp1=miller_cap_with_nulling_resistor;comp2=miller_cap_with_nulling_resistor;bias_gen=constructed_bias,simulated,,False,1.0,166.5778169101509,5092958.178940652,71.56082669664782,16000000.000000002,0.0015840000000000001,3.0258550115143343,0.26788919807209866,37.106952312991346,47.83689043863415,145.54076046855607,4944689.153302565,93.16156277487956,17176262.03213012,0.0019154572536,3.26668675,0.000153722695,68.60771151522373,69.71299526588456
three_stage_opamp_nmc_single_ended,676,input_pair=differential_pair_pmos_degenerated;load=telescopic_cascode_load_pmos;tail_current=cascode_current_mirror_tail_pmos;second_stage=noninverting_stage_nmos;third_stage=common_source_pmos;comp1=miller_cap;comp2=miller_cap;bias_gen=constructed_bias,simulated,,False,1.0,166.5778169101509,5092958.178940652,71.56082669664782,16000000.000000002,0.001716,3.0258550115143343,0.26788919807209866,94.22601211240169,47.83689043863415,145.89586472208003,4948607.081011125,80.13791701976564,16460427.935736958,0.0019785637707,3.26669288,0.000153722695,68.96665729772074,70.08853795514594
three_stage_opamp_nmc_single_ended,710,input_pair=differential_pair_pmos_degenerated;load=telescopic_cascode_load_wideswing_pmos;tail_current=current_mirror_tail_pmos;second_stage=noninverting_stage_nmos;third_stage=common_source_nmos;comp1=indirect_compensation;comp2=miller_cap_with_nulling_resistor;bias_gen=constructed_bias,simulated,,False,0.9,172.85205492837412,5092958.178940652,71.56150861198928,16000000.000000002,0.001716,3.0258550115143343,0.26788919807209866,37.106952312991346,47.83689043863415,158.99448936785126,5030981.895099365,94.08102146068798,9031696.169616941,0.0007145334635999999,3.2997087,0.0165597452,87.94704532571463,89.00779098403783
three_stage_opamp_nmc_single_ended,714,input_pair=differential_pair_pmos_degenerated;load=telescopic_cascode_load_wideswing_pmos;tail_current=current_mirror_tail_pmos;second_stage=noninverting_stage_nmos;third_stage=common_source_pmos;comp1=miller_cap;comp2=indirect_compensation;bias_gen=constructed_bias,simulated,,False,1.0,172.8818752120824,5092958.178940652,71.56082669664782,16000000.000000002,0.001716,3.0258550115143343,0.26788919807209866,37.106952312991346,47.83689043863415,155.14729470005622,4821062.32026325,81.2000919231954,13721149.42239875,0.0010651895166,3.26706047,0.000153722128,86.96452552246461,87.5833313801391
three_stage_opamp_nmc_single_ended,717,input_pair=differential_pair_pmos_degenerated;load=telescopic_cascode_load_wideswing_pmos;tail_current=current_mirror_tail_pmos;second_stage=noninverting_stage_nmos;third_stage=common_source_pmos;comp1=miller_cap_with_nulling_resistor;comp2=indirect_compensation;bias_gen=constructed_bias,simulated,,False,0.9,172.8818752120824,5092958.178940652,71.56082669664782,16000000.000000002,0.001716,3.0258550115143343,0.26788919807209866,37.106952312991346,47.83689043863415,155.14729470005622,4948589.463807929,93.89450640816462,18260658.025405064,0.0010651895166,3.26706047,0.000153722128,86.96452552246461,87.5833313801434
three_stage_opamp_nmc_single_ended,728,input_pair=differential_pair_pmos_degenerated;load=telescopic_cascode_load_wideswing_pmos;tail_current=cascode_current_mirror_tail_pmos;second_stage=noninverting_stage_nmos;third_stage=common_source_nmos;comp1=indirect_compensation;comp2=miller_cap_with_nulling_resistor;bias_gen=constructed_bias,simulated,,False,1.0,172.85205492837412,5092958.178940652,71.56150861198928,16000000.000000002,0.001848,3.0258550115143343,0.26788919807209866,94.22601211240169,47.83689043863415,159.2661164550577,5008562.641726089,94.0985185410511,9504403.773710715,0.0007800754797,3.2997087,0.0165586239,88.31220754199114,89.3930681497452
three_stage_opamp_nmc_single_ended,742,input_pair=differential_pair_pmos_degenerated;load=telescopic_cascode_load_wideswing_pmos;tail_current=resistor_tail_vdd;second_stage=noninverting_stage_nmos;third_stage=common_source_nmos;comp1=miller_cap_with_nulling_resistor;comp2=miller_cap;bias_gen=constructed_bias,simulated,,False,0.9,172.85205492837412,5092958.178940652,71.56150861198928,16000000.000000002,0.0015840000000000001,3.0258550115143343,0.26788919807209866,-4.922714699429626,47.83689043863415,161.82186034181137,4951006.951270871,94.65849395077244,13289634.963496389,0.000620677827,3.2997087,0.0165490608,83.12285581488686,83.6995880030273
three_stage_opamp_nmc_single_ended,760,input_pair=differential_pair_nmos_degenerated;load=resistor_load_vdd;tail_current=current_mirror_tail_nmos;second_stage=noninverting_stage_pmos;third_stage=common_source_nmos;comp1=miller_cap_with_nulling_resistor;comp2=miller_cap;bias_gen=constructed_bias,simulated,,True,0.8,88.37457294851292,2550098.4595690495,80.70260317063376,16000000.000000002,0.0014520000000000002,3.0258550115143343,0.26788919807209866,32.2862021232687,52.67068715305019,87.95568739849833,2331208.3784620143,91.96795944012027,8810722.73894056,0.0006707376753,2.99486233,0.0288876139,34.11124497025622,41.86386630299895
three_stage_opamp_nmc_single_ended,765,input_pair=differential_pair_nmos_degenerated;load=resistor_load_vdd;tail_current=current_mirror_tail_nmos;second_stage=noninverting_stage_pmos;third_stage=common_source_nmos;comp1=indirect_compensation;comp2=indirect_compensation;bias_gen=constructed_bias,simulated,,True,0.7,88.37457294851292,2550098.4595690495,80.70260317063376,16000000.000000002,0.0014520000000000002,3.0258550115143343,0.26788919807209866,32.2862021232687,52.67068715305019,87.95568739849833,2314395.6023314865,92.16694061650267,7306870.6870687045,0.0006707376753,2.99486233,0.0288876139,34.11124497025622,41.86386630299895
three_stage_opamp_nmc_single_ended,773,input_pair=differential_pair_nmos_degenerated;load=resistor_load_vdd;tail_current=current_mirror_tail_nmos;second_stage=noninverting_stage_pmos;third_stage=common_source_pmos;comp1=indirect_compensation;comp2=miller_cap_with_nulling_resistor;bias_gen=constructed_bias,simulated,,True,0.8,88.4043932322212,2550098.4595690495,80.70225253014252,16000000.000000002,0.0014520000000000002,3.0258550115143343,0.26788919807209866,32.2862021232687,52.67068715305019,89.45989579413826,2313550.2621624735,92.37001573427699,6528397.521340044,0.0004998131357999999,3.01105891,0.0103382845,34.18754318745364,38.19012220185111
three_stage_opamp_nmc_single_ended,774,input_pair=differential_pair_nmos_degenerated;load=resistor_load_vdd;tail_current=current_mirror_tail_nmos;second_stage=noninverting_stage_pmos;third_stage=common_source_pmos;comp1=indirect_compensation;comp2=indirect_compensation;bias_gen=constructed_bias,simulated,,True,0.8,88.4043932322212,2550098.4595690495,80.70225253014252,16000000.000000002,0.0014520000000000002,3.0258550115143343,0.26788919807209866,32.2862021232687,52.67068715305019,89.45989579413826,2313550.2621624735,92.37001573427699,6528397.521340044,0.0004998131357999999,3.01105891,0.0103382845,34.18754318745364,38.19012220185111
three_stage_opamp_nmc_single_ended,777,input_pair=differential_pair_nmos_degenerated;load=resistor_load_vdd;tail_current=cascode_current_mirror_tail_nmos;second_stage=noninverting_stage_pmos;third_stage=common_source_nmos;comp1=miller_cap;comp2=indirect_compensation;bias_gen=constructed_bias,simulated,,True,0.9,88.37457294851292,2550098.4595690495,80.70260317063376,16000000.000000002,0.0015840000000000001,3.0258550115143343,0.26788919807209866,84.58105751412458,52.67068715305019,87.7892807929322,2257368.488692665,86.33324921986342,5705453.656476764,0.0007288419533999999,2.97828496,0.028810724,59.44737013313594,41.551726829838934
three_stage_opamp_nmc_single_ended,786,input_pair=differential_pair_nmos_degenerated;load=resistor_load_vdd;tail_current=cascode_current_mirror_tail_nmos;second_stage=noninverting_stage_pmos;third_stage=common_source_pmos;comp1=miller_cap;comp2=indirect_compensation;bias_gen=constructed_bias,simulated,,True,0.9,88.4043932322212,2550098.4595690495,80.70225253014252,16000000.000000002,0.0015840000000000001,3.0258550115143343,0.26788919807209866,84.58105751412458,52.67068715305019,89.31116568865788,2257996.953448894,86.5212475491078,5329038.72820673,0.0005579174073,2.99444624,0.0102213344,59.72640122117901,37.930986310090795
three_stage_opamp_nmc_single_ended,788,input_pair=differential_pair_nmos_degenerated;load=resistor_load_vdd;tail_current=cascode_current_mirror_tail_nmos;second_stage=noninverting_stage_pmos;third_stage=common_source_pmos;comp1=miller_cap_with_nulling_resistor;comp2=miller_cap_with_nulling_resistor;bias_gen=constructed_bias,simulated,,True,0.9,88.4043932322212,2550098.4595690495,80.70225253014252,16000000.000000002,0.0015840000000000001,3.0258550115143343,0.26788919807209866,84.58105751412458,52.67068715305019,89.31116568865788,2270569.579730187,92.32139090695125,5817166.007448418,0.0005579174073,2.99444624,0.0102213344,59.72640122117901,37.930986310090795
three_stage_opamp_nmc_single_ended,795,input_pair=differential_pair_nmos_degenerated;load=resistor_load_vdd;tail_current=resistor_tail_gnd;second_stage=noninverting_stage_pmos;third_stage=common_source_nmos;comp1=miller_cap;comp2=indirect_compensation;bias_gen=constructed_bias,simulated,,True,0.6,88.37457294851292,2550098.4595690495,80.70260317063376,16000000.000000002,0.000858,3.0258550115143343,0.26788919807209866,-3.439579526400977,52.67068715305019,89.63074672509434,2837092.3781125015,85.24129078492092,7415194.686135274,0.0003754996806,2.69690679,0.0305955288,5.020516795761125,48.73731878404484
three_stage_opamp_nmc_single_ended,800,input_pair=differential_pair_nmos_degenerated;load=resistor_load_vdd;tail_current=resistor_tail_gnd;second_stage=noninverting_stage_pmos;third_stage=common_source_nmos;comp1=indirect_compensation;comp2=miller_cap_with_nulling_resistor;bias_gen=constructed_bias,simulated,,True,0.6,88.37457294851292,2550098.4595690495,80.70260317063376,16000000.000000002,0.000858,3.0258550115143343,0.26788919807209866,-3.439579526400977,52.67068715305019,89.63074672509434,2862943.623832259,92.49682046500715,7386900.356702335,0.0003754996806,2.69690679,0.0305955288,5.020516795761125,48.73731878404484
three_stage_opamp_nmc_single_ended,817,input_pair=differential_pair_nmos_degenerated;load=active_load_pmos;tail_current=current_mirror_tail_nmos;second_stage=noninverting_stage_pmos;third_stage=common_source_nmos;comp1=indirect_compensation;comp2=miller_cap;bias_gen=constructed_bias,simulated,,True,0.9,121.30589010721755,5100196.919138099,71.53640994975581,16000000.000000002,0.0014520000000000002,3.0258550115143343,0.26788919807209866,32.2862021232687,52.67068715305019,119.24713672180121,5303624.946203841,94.50893145427047,11897137.04703802,0.0007387209258,3.29478636,0.0279756924,69.38490584595574,69.83454252164549
three_stage_opamp_nmc_single_ended,821,input_pair=differential_pair_nmos_degenerated;load=active_load_pmos;tail_current=current_mirror_tail_nmos;second_stage=noninverting_stage_pmos;third_stage=common_source_pmos;comp1=miller_cap;comp2=miller_cap_with_nulling_resistor;bias_gen=constructed_bias,simulated,,True,0.8,121.33571039092581,5100196.919138099,71.53572713319508,16000000.000000002,0.0014520000000000002,3.0258550115143343,0.26788919807209866,32.2862021232687,52.67068715305019,120.45247938804954,4869466.007433795,81.77661120936737,15945890.131926738,0.0005677964621999999,3.26215594,0.000153722785,70.41438716426042,67.74600384953999
three_stage_opamp_nmc_single_ended,823,input_pair=differential_pair_nmos_degenerated;load=active_load_pmos;tail_current=current_mirror_tail_nmos;second_stage=noninverting_stage_pmos;third_stage=common_source_pmos;comp1=miller_cap_with_nulling_resistor;comp2=miller_cap;bias_gen=constructed_bias,simulated,,True,0.8,121.33571039092581,5100196.919138099,71.53572713319508,16000000.000000002,0.0014520000000000002,3.0258550115143343,0.26788919807209866,32.2862021232687,52.67068715305019,120.45247938804954,5187153.1641982645,94.62577025246725,17863951.061772928,0.0005677964621999999,3.26215594,0.000153722785,70.41438716426042,67.74600384953999
three_stage_opamp_nmc_single_ended,824,input_pair=differential_pair_nmos_degenerated;load=active_load_pmos;tail_current=current_mirror_tail_nmos;second_stage=noninverting_stage_pmos;third_stage=common_source_pmos;comp1=miller_cap_with_nulling_resistor;comp2=miller_cap_with_nulling_resistor;bias_gen=constructed_bias,simulated,,True,0.7,121.33571039092581,5100196.919138099,71.53572713319508,16000000.000000002,0.0014520000000000002,3.0258550115143343,0.26788919807209866,32.2862021232687,52.67068715305019,120.45247938804954,5002726.901874713,94.59627116969408,19773914.724805918,0.0005677964621999999,3.26215594,0.000153722785,70.41438716426042,67.74600384953999
three_stage_opamp_nmc_single_ended,839,input_pair=differential_pair_nmos_degenerated;load=active_load_pmos;tail_current=cascode_current_mirror_tail_nmos;second_stage=noninverting_stage_pmos;third_stage=common_source_pmos;comp1=miller_cap;comp2=miller_cap_with_nulling_resistor;bias_gen=constructed_bias,simulated,,True,0.8,121.33571039092581,5100196.919138099,71.53572713319508,16000000.000000002,0.0015840000000000001,3.0258550115143343,0.26788919807209866,84.58105751412458,52.67068715305019,120.52061955339363,4844852.332144342,81.8118089040529,15390874.976010518,0.0006304107381,3.2621352,0.00015372279,69.75730733365499,67.7368900470712
three_stage_opamp_nmc_single_ended,844,input_pair=differential_pair_nmos_degenerated;load=active_load_pmos;tail_current=cascode_current_mirror_tail_nmos;second_stage=noninverting_stage_pmos;third_stage=common_source_pmos;comp1=indirect_compensation;comp2=miller_cap;bias_gen=constructed_bias,simulated,,True,0.8,121.33571039092581,5100196.919138099,71.53572713319508,16000000.000000002,0.0015840000000000001,3.0258550115143343,0.26788919807209866,84.58105751412458,52.67068715305019,120.52061955339363,5157126.436771058,94.5985876539044,18123246.752169218,0.0006304107381,3.2621352,0.00015372279,69.75730733365499,67.7368900470712
three_stage_opamp_nmc_single_ended,848,input_pair=differential_pair_nmos_degenerated;load=active_load_pmos;tail_current=resistor_tail_gnd;second_stage=noninverting_stage_pmos;third_stage=common_source_nmos;comp1=miller_cap;comp2=miller_cap_with_nulling_resistor;bias_gen=constructed_bias,simulated,,True,0.7,121.30589010721755,5100196.919138099,71.53640994975581,16000000.000000002,0.000858,3.0258550115143343,0.26788919807209866,-3.439579526400977,52.67068715305019,119.59776941487078,4812450.373469382,81.5925190373025,10212721.272127239,0.00045736765469999997,3.29470138,0.0278833594,75.54485744110272,69.79877901195616
three_stage_opamp_nmc_single_ended,853,input_pair=differential_pair_nmos_degenerated;load=active_load_pmos;tail_current=resistor_tail_gnd;second_stage=noninverting_stage_pmos;third_stage=common_source_nmos;comp1=indirect_compensation;comp2=miller_cap;bias_gen=constructed_bias,simulated,,True,0.8,121.30589010721755,5100196.919138099,71.53640994975581,16000000.000000002,0.000858,3.0258550115143343,0.26788919807209866,-3.439579526400977,52.67068715305019,119.59776941487078,5138723.60044019,94.50380953646886,14744941.160782719,0.00045736765469999997,3.29470138,0.0278833594,75.54485727768846,69.79877901195616
three_stage_opamp_nmc_single_ended,871,input_pair=differential_pair_nmos_degenerated;load=folded_cascode_load_nmos_input_single_output;tail_current=current_mirror_tail_nmos;second_stage=noninverting_stage_pmos;third_stage=common_source_nmos;comp1=indirect_compensation;comp2=miller_cap;bias_gen=constructed_bias,simulated,,False,1.1,166.51965902655206,5100196.919138099,71.53640994975581,16000000.000000002,0.001716,3.0258550115143343,0.26788919807209866,32.2862021232687,52.67068715305019,158.02687672894675,5219920.64608425,93.65166666008861,9646213.621362142,0.0012162961932,3.2997087,0.0165941587,120.46391076744786,75.3196008878808
three_stage_opamp_nmc_single_ended,872,input_pair=differential_pair_nmos_degenerated;load=folded_cascode_load_nmos_input_single_output;tail_current=current_mirror_tail_nmos;second_stage=noninverting_stage_pmos;third_stage=common_source_nmos;comp1=indirect_compensation;comp2=miller_cap_with_nulling_resistor;bias_gen=constructed_bias,simulated,,False,1.0,166.51965902655206,5100196.919138099,71.53640994975581,16000000.000000002,0.001716,3.0258550115143343,0.26788919807209866,32.2862021232687,52.67068715305019,158.02687672894675,5013727.989059442,93.40072360550325,9586240.290695742,0.0012162961932,3.2997087,0.0165941587,120.46391076744786,75.3196008878808
three_stage_opamp_nmc_single_ended,877,input_pair=differential_pair_nmos_degenerated;load=folded_cascode_load_nmos_input_single_output;tail_current=current_mirror_tail_nmos;second_stage=noninverting_stage_pmos;third_stage=common_source_pmos;comp1=miller_cap_with_nulling_resistor;comp2=miller_cap;bias_gen=constructed_bias,simulated,,False,0.9,166.54947931026032,5100196.919138099,71.53572713319508,16000000.000000002,0.001716,3.0258550115143343,0.26788919807209866,32.2862021232687,52.67068715305019,159.18997492228573,5108908.487969642,93.92218339092543,19818649.86498661,0.0015669476229,3.26709473,0.000153722776,119.38331476035317,75.25654334679504
three_stage_opamp_nmc_single_ended,882,input_pair=differential_pair_nmos_degenerated;load=folded_cascode_load_nmos_input_single_output;tail_current=current_mirror_tail_nmos;second_stage=noninverting_stage_pmos;third_stage=common_source_pmos;comp1=indirect_compensation;comp2=indirect_compensation;bias_gen=constructed_bias,simulated,,False,1.0,166.54947931026032,5100196.919138099,71.53572713319508,16000000.000000002,0.001716,3.0258550115143343,0.26788919807209866,32.2862021232687,52.67068715305019,159.18997490320126,4932598.339258277,93.92374325462129,15992222.555588985,0.0015669476229,3.26709473,0.000153722776,119.38331437706215,75.25654338294748
three_stage_opamp_nmc_single_ended,886,input_pair=differential_pair_nmos_degenerated;load=folded_cascode_load_nmos_input_single_output;tail_current=cascode_current_mirror_tail_nmos;second_stage=noninverting_stage_pmos;third_stage=common_source_nmos;comp1=miller_cap_with_nulling_resistor;comp2=miller_cap;bias_gen=constructed_bias,simulated,,False,1.1,166.51965902655206,5100196.919138099,71.53640994975581,16000000.000000002,0.001848,3.0258550115143343,0.26788919807209866,84.58105751412458,52.67068715305019,157.82957279328326,5186871.879842884,93.63784699684852,9979192.58592524,0.0012769921394999999,3.2997087,0.0165949914,135.4698111410325,75.11556895083525
three_stage_opamp_nmc_single_ended,893,input_pair=differential_pair_nmos_degenerated;load=folded_cascode_load_nmos_input_single_output;tail_current=cascode_current_mirror_tail_nmos;second_stage=noninverting_stage_pmos;third_stage=common_source_pmos;comp1=miller_cap;comp2=miller_cap_with_nulling_resistor;bias_gen=constructed_bias,simulated,,False,0.9,166.54947931026032,5100196.919138099,71.53572713319508,16000000.000000002,0.001848,3.0258550115143343,0.26788919807209866,84.58105751412458,52.67068715305019,158.99254955415904,4778075.610635007,81.33210080453888,15115522.046834886,0.0016276435725,3.26709558,0.000153722756,134.89089211440103,75.05292453629147
three_stage_opamp_nmc_single_ended,901,input_pair=differential_pair_nmos_degenerated;load=folded_cascode_load_nmos_input_single_output;tail_current=resistor_tail_gnd;second_stage=noninverting_stage_pmos;third_stage=common_source_nmos;comp1=miller_cap;comp2=miller_cap;bias_gen=constructed_bias,simulated,,False,0.8,166.51965902655206,5100196.919138099,71.53640994975581,16000000.000000002,0.001122,3.0258550115143343,0.26788919807209866,-3.439579526400977,52.67068715305019,157.11131977061774,4907706.060974272,80.8437525772,8260930.710861513,0.0009274001517,3.2997087,0.01659806,91.69938644868219,74.36372605592173
three_stage_opamp_nmc_single_ended,929,input_pair=differential_pair_nmos_degenerated;load=telescopic_cascode_load_wideswing_nmos;tail_current=current_mirror_tail_nmos;second_stage=noninverting_stage_pmos;third_stage=common_source_pmos;comp1=miller_cap;comp2=miller_cap_with_nulling_resistor;bias_gen=constructed_bias,simulated,,False,0.9,176.14416961978887,5100196.919138099,71.53572713319508,16000000.000000002,0.001716,3.0258550115143343,0.26788919807209866,32.2862021232687,52.67068715305019,159.14528631758168,4469371.007986201,83.18379961533928,6792095.785213693,0.0007047526497,3.26694504,0.000153723177,75.3265573212526,101.06966111619364
three_stage_opamp_nmc_single_ended,930,input_pair=differential_pair_nmos_degenerated;load=telescopic_cascode_load_wideswing_nmos;tail_current=current_mirror_tail_nmos;second_stage=noninverting_stage_pmos;third_stage=common_source_pmos;comp1=miller_cap;comp2=indirect_compensation;bias_gen=constructed_bias,simulated,,False,0.9,176.14416961978887,5100196.919138099,71.53572713319508,16000000.000000002,0.001716,3.0258550115143343,0.26788919807209866,32.2862021232687,52.67068715305019,159.14528616415134,4469371.007986201,83.18379959798118,6792095.785213693,0.0007047526497,3.26694504,0.000153723177,75.32655672010952,101.06966078935756
three_stage_opamp_nmc_single_ended,935,input_pair=differential_pair_nmos_degenerated;load=telescopic_cascode_load_wideswing_nmos;tail_current=current_mirror_tail_nmos;second_stage=noninverting_stage_pmos;third_stage=common_source_pmos;comp1=indirect_compensation;comp2=miller_cap_with_nulling_resistor;bias_gen=constructed_bias,simulated,,False,0.9,176.14416961978887,5100196.919138099,71.53572713319508,16000000.000000002,0.001716,3.0258550115143343,0.26788919807209866,32.2862021232687,52.67068715305019,159.14528631758168,4573163.454152952,94.99883344110559,6826209.453966231,0.0007047526497,3.26694504,0.000153723177,75.3265573212526,101.06966111619364
three_stage_opamp_nmc_single_ended,940,input_pair=differential_pair_nmos_degenerated;load=telescopic_cascode_load_wideswing_nmos;tail_current=cascode_current_mirror_tail_nmos;second_stage=noninverting_stage_pmos;third_stage=common_source_nmos;comp1=miller_cap_with_nulling_resistor;comp2=miller_cap;bias_gen=constructed_bias,simulated,,False,1.0,176.11434933608058,5100196.919138099,71.53640994975581,16000000.000000002,0.001848,3.0258550115143343,0.26788919807209866,84.58105751412458,52.67068715305019,158.1532265468362,4770367.670568681,94.79574632944379,9951573.157315735,0.0009382724274,3.2997087,0.0164451304,74.55402737022871,101.74653780575012
three_stage_opamp_nmc_single_ended,954,input_pair=differential_pair_nmos_degenerated;load=telescopic_cascode_load_wideswing_nmos;tail_current=cascode_current_mirror_tail_nmos;second_stage=noninverting_stage_pmos;third_stage=common_source_pmos;comp1=indirect_compensation;comp2=indirect_compensation;bias_gen=constructed_bias,simulated,,False,0.9,176.14416961978887,5100196.919138099,71.53572713319508,16000000.000000002,0.001848,3.0258550115143343,0.26788919807209866,84.58105751412458,52.67068715305019,159.35450572785243,4552828.650132545,95.00821357174553,6813713.122387379,0.0007673482542,3.26694568,0.000153723177,75.37086717747961,101.16693668179514
three_stage_opamp_nmc_single_ended,967,input_pair=differential_pair_nmos_degenerated;load=telescopic_cascode_load_wideswing_nmos;tail_current=resistor_tail_gnd;second_stage=noninverting_stage_pmos;third_stage=common_source_pmos;comp1=miller_cap_with_nulling_resistor;comp2=miller_cap;bias_gen=constructed_bias,simulated,,False,0.8,176.14416961978887,5100196.919138099,71.53572713319508,16000000.000000002,0.0015840000000000001,3.0258550115143343,0.26788919807209866,-3.439579526400977,52.67068715305019,160.4134603887261,4565726.103217989,95.27297972481774,14594825.359230079,0.0006225828774,3.2669488,0.000153723178,74.64570177452939,101.43901475033319
three_stage_opamp_nmc_single_ended,972,input_pair=differential_pair_nmos_degenerated;load=telescopic_cascode_load_wideswing_nmos;tail_current=resistor_tail_gnd;second_stage=noninverting_stage_pmos;third_stage=common_source_pmos;comp1=indirect_compensation;comp2=indirect_compensation;bias_gen=constructed_bias,simulated,,False,1.0,176.14416961978887,5100196.919138099,71.53572713319508,16000000.000000002,0.0015840000000000001,3.0258550115143343,0.26788919807209866,-3.439579526400977,52.67068715305019,160.4134603887261,4441522.73677085,95.23309136605852,7894464.066634214,0.0006225828774,3.2669488,0.000153723178,74.64570195344497,101.4390149067731
